strategy,n_taken,ev_per_signal
ATR動的 k=1.5,3461,0.03601580640550214
固定 -0.7%,24479,-0.13561815989820608
固定 -3.5%,6066,0.017125887536571807
